{"cameraMode":{"drawMode":0,"name":"Shaded","section":"Shading Mode"},"sceneLighting":false,"audioPlay":false,"sceneViewState":{"showFog":true,"showMaterialUpdate":false,"showSkybox":false,"showFlares":true,"showImageEffects":true,"showParticleSystems":true},"in2DMode":false,"pivot":{"x":-2.4443111419677736,"y":-1.4644203186035157,"z":6.068767547607422},"rotation":{"x":0.30377325415611269,"y":0.0448460578918457,"z":-0.014344478026032448,"w":0.9515959024429321},"size":85.8518295288086,"orthographic":false}