{"cameraMode":{"drawMode":1,"name":"Wireframe","section":"Shading Mode"},"sceneLighting":false,"audioPlay":false,"sceneViewState":{"showFog":true,"showMaterialUpdate":false,"showSkybox":false,"showFlares":true,"showImageEffects":true,"showParticleSystems":true},"in2DMode":false,"pivot":{"x":-0.022788047790527345,"y":-0.12399566173553467,"z":0.07325077056884766},"rotation":{"x":0.3473796248435974,"y":0.17573384940624238,"z":-0.06644783914089203,"w":0.9187108874320984},"size":10.129833221435547,"orthographic":false}