{"cameraMode":{"drawMode":0,"name":"Shaded","section":"Shading Mode"},"sceneLighting":false,"audioPlay":false,"sceneViewState":{"showFog":true,"showMaterialUpdate":false,"showSkybox":false,"showFlares":true,"showImageEffects":true,"showParticleSystems":true},"in2DMode":false,"pivot":{"x":0.00078582763671875,"y":39.35129165649414,"z":0.0002288818359375},"rotation":{"x":-0.0051034740172326569,"y":0.9670151472091675,"z":0.019442250952124597,"w":0.2539321184158325},"size":408.920166015625,"orthographic":false}