{"cameraMode":{"drawMode":0,"name":"Shaded","section":"Shading Mode"},"sceneLighting":false,"audioPlay":false,"sceneViewState":{"showFog":true,"showMaterialUpdate":false,"showSkybox":false,"showFlares":true,"showImageEffects":true,"showParticleSystems":true},"in2DMode":false,"pivot":{"x":-0.004552960395812988,"y":1.114804744720459,"z":0.023779332637786866},"rotation":{"x":-0.0025827516801655294,"y":-0.994955837726593,"z":0.09671296179294586,"w":-0.026575304567813875},"size":5.4998393058776859,"orthographic":false}