{"cameraMode":{"drawMode":0,"name":"Shaded","section":"Shading Mode"},"sceneLighting":false,"audioPlay":false,"sceneViewState":{"showFog":true,"showMaterialUpdate":false,"showSkybox":false,"showFlares":true,"showImageEffects":true,"showParticleSystems":true},"in2DMode":false,"pivot":{"x":2.241000175476074,"y":4.872158050537109,"z":-0.0017139911651611329},"rotation":{"x":-0.24055245518684388,"y":-0.023087704554200174,"z":0.005670306738466024,"w":-0.9703661799430847},"size":7.387848377227783,"orthographic":false}