{"cameraMode":{"drawMode":0,"name":"Shaded","section":"Shading Mode"},"sceneLighting":true,"audioPlay":false,"sceneViewState":{"showFog":true,"showMaterialUpdate":false,"showSkybox":true,"showFlares":true,"showImageEffects":true,"showParticleSystems":true},"in2DMode":false,"pivot":{"x":3.4320740699768068,"y":-5.457579612731934,"z":27.601131439208986},"rotation":{"x":0.2722336947917938,"y":0.04328285530209541,"z":-0.012258383445441723,"w":0.9611797332763672},"size":20.417097091674806,"orthographic":false}