{"cameraMode":{"drawMode":0,"name":"Shaded","section":"Shading Mode"},"sceneLighting":false,"audioPlay":false,"sceneViewState":{"showFog":true,"showMaterialUpdate":false,"showSkybox":false,"showFlares":true,"showImageEffects":true,"showParticleSystems":true},"in2DMode":false,"pivot":{"x":-1.010793924331665,"y":0.34477078914642336,"z":-0.49514877796173098},"rotation":{"x":-0.09356912970542908,"y":0.8759684562683106,"z":-0.1889021247625351,"w":-0.43387532234191897},"size":3.8519136905670168,"orthographic":false}