{"cameraMode":{"drawMode":0,"name":"Shaded","section":"Shading Mode"},"sceneLighting":false,"audioPlay":false,"sceneViewState":{"showFog":true,"showMaterialUpdate":false,"showSkybox":false,"showFlares":true,"showImageEffects":true,"showParticleSystems":true},"in2DMode":false,"pivot":{"x":0.005040526390075684,"y":0.25381073355674746,"z":-0.005894914269447327},"rotation":{"x":0.30558446049690249,"y":0.555509090423584,"z":-0.22989970445632935,"w":0.7383695244789124},"size":4.282674789428711,"orthographic":false}