{"cameraMode":{"drawMode":0,"name":"Shaded","section":"Shading Mode"},"sceneLighting":false,"audioPlay":false,"sceneViewState":{"showFog":true,"showMaterialUpdate":false,"showSkybox":false,"showFlares":true,"showImageEffects":true,"showParticleSystems":true},"in2DMode":false,"pivot":{"x":11.589234352111817,"y":-0.47668319940567019,"z":0.00003719329833984375},"rotation":{"x":0.30377325415611269,"y":0.0448460578918457,"z":-0.014344478026032448,"w":0.9515959024429321},"size":41.558837890625,"orthographic":false}