{"cameraMode":{"drawMode":0,"name":"Shaded","section":"Shading Mode"},"sceneLighting":false,"audioPlay":false,"sceneViewState":{"showFog":true,"showMaterialUpdate":false,"showSkybox":false,"showFlares":true,"showImageEffects":true,"showParticleSystems":true},"in2DMode":false,"pivot":{"x":0.0,"y":0.4937330484390259,"z":-5.21540641784668e-8},"rotation":{"x":0.07832247763872147,"y":-0.8995835185050964,"z":0.38980960845947268,"w":0.18076010048389436},"size":1.997292399406433,"orthographic":false}