{"cameraMode":{"drawMode":0,"name":"Shaded","section":"Shading Mode"},"sceneLighting":false,"audioPlay":false,"sceneViewState":{"showFog":true,"showMaterialUpdate":false,"showSkybox":false,"showFlares":true,"showImageEffects":true,"showParticleSystems":true},"in2DMode":false,"pivot":{"x":8.736322402954102,"y":-11.31456184387207,"z":-17.7705135345459},"rotation":{"x":0.08253604918718338,"y":0.897753119468689,"z":-0.19078350067138673,"w":0.38837355375289919},"size":36.996337890625,"orthographic":false}