{"cameraMode":{"drawMode":0,"name":"Shaded","section":"Shading Mode"},"sceneLighting":false,"audioPlay":false,"sceneViewState":{"showFog":true,"showMaterialUpdate":false,"showSkybox":false,"showFlares":true,"showImageEffects":true,"showParticleSystems":true},"in2DMode":false,"pivot":{"x":2.1272592544555666,"y":1.0197699069976807,"z":-0.17062556743621827},"rotation":{"x":-0.24055245518684388,"y":-0.023087704554200174,"z":0.005670306738466024,"w":-0.9703661799430847},"size":6.058737754821777,"orthographic":false}