{"cameraMode":{"drawMode":0,"name":"Shaded","section":"Shading Mode"},"sceneLighting":false,"audioPlay":false,"sceneViewState":{"showFog":true,"showMaterialUpdate":false,"showSkybox":false,"showFlares":true,"showImageEffects":true,"showParticleSystems":true},"in2DMode":false,"pivot":{"x":0.013462305068969727,"y":0.07260515540838242,"z":0.010871648788452149},"rotation":{"x":0.42839494347572329,"y":0.28400248289108279,"z":-0.1438637375831604,"w":0.845657229423523},"size":6.112537384033203,"orthographic":false}