{"cameraMode":{"drawMode":0,"name":"Shaded","section":"Shading Mode"},"sceneLighting":false,"audioPlay":false,"sceneViewState":{"showFog":true,"showMaterialUpdate":false,"showSkybox":false,"showFlares":true,"showImageEffects":true,"showParticleSystems":true},"in2DMode":false,"pivot":{"x":-0.009685039520263672,"y":0.20011331140995027,"z":-0.07904887199401856},"rotation":{"x":0.16111832857131959,"y":0.04587501659989357,"z":-0.007496831472963095,"w":0.9858412146568298},"size":3.4826724529266359,"orthographic":true}