{"cameraMode":{"drawMode":0,"name":"Shaded","section":"Shading Mode"},"sceneLighting":false,"audioPlay":false,"sceneViewState":{"showFog":true,"showMaterialUpdate":false,"showSkybox":false,"showFlares":true,"showImageEffects":true,"showParticleSystems":true},"in2DMode":false,"pivot":{"x":0.0052394866943359379,"y":1.1821022033691407,"z":1.877878189086914},"rotation":{"x":-0.005839166697114706,"y":-0.9526556134223938,"z":0.3034786283969879,"w":-0.018293948844075204},"size":99.15943908691406,"orthographic":false}