{"cameraMode":{"drawMode":0,"name":"Shaded","section":"Shading Mode"},"sceneLighting":false,"audioPlay":false,"sceneViewState":{"showFog":true,"showMaterialUpdate":false,"showSkybox":false,"showFlares":true,"showImageEffects":true,"showParticleSystems":true},"in2DMode":false,"pivot":{"x":-0.09649401903152466,"y":0.21291574835777284,"z":-0.06302273273468018},"rotation":{"x":0.30558446049690249,"y":0.555509090423584,"z":-0.22989970445632935,"w":0.7383695244789124},"size":2.72304368019104,"orthographic":false}