{"cameraMode":{"drawMode":0,"name":"Shaded","section":"Shading Mode"},"sceneLighting":false,"audioPlay":false,"sceneViewState":{"showFog":true,"showMaterialUpdate":false,"showSkybox":false,"showFlares":true,"showImageEffects":true,"showParticleSystems":true},"in2DMode":false,"pivot":{"x":0.004840254783630371,"y":0.9348391890525818,"z":0.08637389540672302},"rotation":{"x":0.009158025495707989,"y":-0.9908420443534851,"z":0.0963129997253418,"w":0.09421053528785706},"size":3.8032054901123049,"orthographic":false}