{"cameraMode":{"drawMode":0,"name":"Shaded","section":"Shading Mode"},"sceneLighting":false,"audioPlay":false,"sceneViewState":{"showFog":true,"showMaterialUpdate":false,"showSkybox":false,"showFlares":true,"showImageEffects":true,"showParticleSystems":true},"in2DMode":false,"pivot":{"x":-18.041044235229493,"y":5.573053359985352,"z":0.6580867767333984},"rotation":{"x":0.1817522943019867,"y":-0.3510403037071228,"z":0.06967142969369888,"w":0.9159134030342102},"size":28.307842254638673,"orthographic":false}