{"cameraMode":{"drawMode":0,"name":"Shaded","section":"Shading Mode"},"sceneLighting":false,"audioPlay":false,"sceneViewState":{"showFog":true,"showMaterialUpdate":false,"showSkybox":false,"showFlares":true,"showImageEffects":true,"showParticleSystems":true},"in2DMode":false,"pivot":{"x":0.1082615852355957,"y":3.6651322841644289,"z":0.5876145362854004},"rotation":{"x":0.07159954309463501,"y":-0.924024224281311,"z":0.3081594407558441,"w":0.21469427645206452},"size":30.819047927856447,"orthographic":false}