{"cameraMode":{"drawMode":0,"name":"Shaded","section":"Shading Mode"},"sceneLighting":false,"audioPlay":false,"sceneViewState":{"showFog":true,"showMaterialUpdate":false,"showSkybox":false,"showFlares":true,"showImageEffects":true,"showParticleSystems":true},"in2DMode":false,"pivot":{"x":1.4314663410186768,"y":-1.894148826599121,"z":-0.4501814842224121},"rotation":{"x":0.13212259113788606,"y":0.12012287974357605,"z":-0.01613236404955387,"w":0.9837958812713623},"size":6.670019149780273,"orthographic":true}