{"cameraMode":{"drawMode":0,"name":"Shaded","section":"Shading Mode"},"sceneLighting":false,"audioPlay":false,"sceneViewState":{"showFog":true,"showMaterialUpdate":false,"showSkybox":false,"showFlares":true,"showImageEffects":true,"showParticleSystems":true},"in2DMode":false,"pivot":{"x":0.10513854026794434,"y":0.2509157955646515,"z":0.11738425493240357},"rotation":{"x":0.42839494347572329,"y":0.28400248289108279,"z":-0.1438637375831604,"w":0.845657229423523},"size":6.231630325317383,"orthographic":false}