{"cameraMode":{"drawMode":0,"name":"Shaded","section":"Shading Mode"},"sceneLighting":false,"audioPlay":false,"sceneViewState":{"showFog":true,"showMaterialUpdate":false,"showSkybox":false,"showFlares":true,"showImageEffects":true,"showParticleSystems":true},"in2DMode":false,"pivot":{"x":0.8599929809570313,"y":4.042391777038574,"z":0.09001457691192627},"rotation":{"x":-0.25505033135414126,"y":0.5014731287956238,"z":-0.15760740637779237,"w":-0.8115732669830322},"size":47.06712341308594,"orthographic":false}