{"cameraMode":{"drawMode":0,"name":"Shaded","section":"Shading Mode"},"sceneLighting":false,"audioPlay":false,"sceneViewState":{"showFog":true,"showMaterialUpdate":false,"showSkybox":false,"showFlares":true,"showImageEffects":true,"showParticleSystems":true},"in2DMode":false,"pivot":{"x":0.0,"y":2.9509670734405519,"z":1.4491655826568604},"rotation":{"x":-0.1680106222629547,"y":0.8160433173179627,"z":-0.2918863892555237,"w":-0.46975013613700869},"size":11.602678298950196,"orthographic":false}