{"cameraMode":{"drawMode":0,"name":"Shaded","section":"Shading Mode"},"sceneLighting":false,"audioPlay":false,"sceneViewState":{"showFog":true,"showMaterialUpdate":false,"showSkybox":false,"showFlares":true,"showImageEffects":true,"showParticleSystems":true},"in2DMode":false,"pivot":{"x":-0.08761262893676758,"y":-4.321417808532715,"z":-0.818267822265625},"rotation":{"x":0.13606105744838715,"y":-0.1459587663412094,"z":0.02027107961475849,"w":0.979680597782135},"size":21.54549217224121,"orthographic":false}