{"cameraMode":{"drawMode":0,"name":"Shaded","section":"Shading Mode"},"sceneLighting":false,"audioPlay":false,"sceneViewState":{"showFog":true,"showMaterialUpdate":false,"showSkybox":false,"showFlares":true,"showImageEffects":true,"showParticleSystems":true},"in2DMode":false,"pivot":{"x":-0.014285087585449219,"y":1.875,"z":0.00411224365234375},"rotation":{"x":-0.1680106222629547,"y":0.8160433173179627,"z":-0.2918863892555237,"w":-0.46975013613700869},"size":12.133575439453125,"orthographic":false}