{"cameraMode":{"drawMode":0,"name":"Shaded","section":"Shading Mode"},"sceneLighting":false,"audioPlay":false,"sceneViewState":{"showFog":true,"showMaterialUpdate":false,"showSkybox":false,"showFlares":true,"showImageEffects":true,"showParticleSystems":true},"in2DMode":false,"pivot":{"x":-0.04231327772140503,"y":0.1076711118221283,"z":-0.010147392749786377},"rotation":{"x":0.16111832857131959,"y":0.04587501659989357,"z":-0.007496831472963095,"w":0.9858412146568298},"size":3.616351366043091,"orthographic":true}