{"cameraMode":{"drawMode":0,"name":"Shaded","section":"Shading Mode"},"sceneLighting":false,"audioPlay":false,"sceneViewState":{"showFog":true,"showMaterialUpdate":false,"showSkybox":false,"showFlares":true,"showImageEffects":true,"showParticleSystems":true},"in2DMode":false,"pivot":{"x":0.0,"y":1.5209481716156006,"z":2.384185791015625e-7},"rotation":{"x":-0.005839166697114706,"y":-0.9526556134223938,"z":0.3034786283969879,"w":-0.018293948844075204},"size":16.11379623413086,"orthographic":false}