{"cameraMode":{"drawMode":0,"name":"Shaded","section":"Shading Mode"},"sceneLighting":false,"audioPlay":false,"sceneViewState":{"showFog":true,"showMaterialUpdate":false,"showSkybox":false,"showFlares":true,"showImageEffects":true,"showParticleSystems":true},"in2DMode":false,"pivot":{"x":5.879561901092529,"y":4.472442626953125,"z":0.5131235122680664},"rotation":{"x":-0.02099750004708767,"y":-0.005775420926511288,"z":0.00006948163354536518,"w":-0.9997833967208862},"size":5.577829360961914,"orthographic":false}