{"cameraMode":{"drawMode":0,"name":"Shaded","section":"Shading Mode"},"sceneLighting":false,"audioPlay":false,"sceneViewState":{"showFog":true,"showMaterialUpdate":false,"showSkybox":false,"showFlares":true,"showImageEffects":true,"showParticleSystems":true},"in2DMode":false,"pivot":{"x":0.07272261381149292,"y":0.5217032432556152,"z":0.006626009941101074},"rotation":{"x":0.30558446049690249,"y":0.555509090423584,"z":-0.22989970445632935,"w":0.7383695244789124},"size":3.2161073684692385,"orthographic":false}