{"cameraMode":{"drawMode":0,"name":"Shaded","section":"Shading Mode"},"sceneLighting":false,"audioPlay":false,"sceneViewState":{"showFog":true,"showMaterialUpdate":false,"showSkybox":false,"showFlares":true,"showImageEffects":true,"showParticleSystems":true},"in2DMode":false,"pivot":{"x":0.7523784041404724,"y":2.008410930633545,"z":0.7526549696922302},"rotation":{"x":0.3393085300922394,"y":-0.03949166089296341,"z":0.014259395189583302,"w":0.9397382140159607},"size":7.500069618225098,"orthographic":false}