{"cameraMode":{"drawMode":0,"name":"Shaded","section":"Shading Mode"},"sceneLighting":false,"audioPlay":false,"sceneViewState":{"showFog":true,"showMaterialUpdate":false,"showSkybox":false,"showFlares":true,"showImageEffects":true,"showParticleSystems":true},"in2DMode":false,"pivot":{"x":-0.0014444589614868165,"y":0.20783664286136628,"z":-0.03979229927062988},"rotation":{"x":0.244662806391716,"y":0.04942481964826584,"z":-0.012488615699112416,"w":0.9682689905166626},"size":3.002546787261963,"orthographic":true}