{"cameraMode":{"drawMode":0,"name":"Shaded","section":"Shading Mode"},"sceneLighting":false,"audioPlay":false,"sceneViewState":{"showFog":true,"showMaterialUpdate":false,"showSkybox":false,"showFlares":true,"showImageEffects":true,"showParticleSystems":true},"in2DMode":false,"pivot":{"x":0.5336372256278992,"y":0.8148170709609985,"z":0.1688392162322998},"rotation":{"x":-0.003998172469437122,"y":0.9954580664634705,"z":-0.08170939981937409,"w":-0.048705484718084338},"size":1.8639585971832276,"orthographic":false}