{"cameraMode":{"drawMode":0,"name":"Shaded","section":"Shading Mode"},"sceneLighting":false,"audioPlay":false,"sceneViewState":{"showFog":true,"showMaterialUpdate":false,"showSkybox":false,"showFlares":true,"showImageEffects":true,"showParticleSystems":true},"in2DMode":false,"pivot":{"x":-69.18572998046875,"y":33.801292419433597,"z":-84.84344482421875},"rotation":{"x":0.053885363042354587,"y":-0.9009202122688294,"z":0.11715123057365418,"w":0.41438794136047366},"size":1099.3419189453125,"orthographic":false}