{"cameraMode":{"drawMode":0,"name":"Shaded","section":"Shading Mode"},"sceneLighting":false,"audioPlay":false,"sceneViewState":{"showFog":true,"showMaterialUpdate":false,"showSkybox":false,"showFlares":true,"showImageEffects":true,"showParticleSystems":true},"in2DMode":false,"pivot":{"x":-0.0075837671756744389,"y":1.2364200353622437,"z":-0.638715386390686},"rotation":{"x":0.230152890086174,"y":-0.0961584746837616,"z":0.02285934053361416,"w":0.968123197555542},"size":5.915171146392822,"orthographic":false}