{"cameraMode":{"drawMode":0,"name":"Shaded","section":"Shading Mode"},"sceneLighting":false,"audioPlay":false,"sceneViewState":{"showFog":true,"showMaterialUpdate":false,"showSkybox":false,"showFlares":true,"showImageEffects":true,"showParticleSystems":true},"in2DMode":false,"pivot":{"x":-5.960464477539063e-8,"y":0.5000002384185791,"z":-2.980232238769531e-7},"rotation":{"x":-0.2660248875617981,"y":0.26931241154670718,"z":-0.07767806202173233,"w":-0.9223172664642334},"size":2.857884645462036,"orthographic":false}