{"cameraMode":{"drawMode":0,"name":"Shaded","section":"Shading Mode"},"sceneLighting":false,"audioPlay":false,"sceneViewState":{"showFog":true,"showMaterialUpdate":false,"showSkybox":false,"showFlares":true,"showImageEffects":true,"showParticleSystems":true},"in2DMode":false,"pivot":{"x":5.943891525268555,"y":-3.613999366760254,"z":-0.8262491226196289},"rotation":{"x":-0.17382097244262696,"y":0.7857486605644226,"z":-0.25473830103874209,"w":-0.5361975431442261},"size":11.062335968017579,"orthographic":false}