{"cameraMode":{"drawMode":0,"name":"Shaded","section":"Shading Mode"},"sceneLighting":false,"audioPlay":false,"sceneViewState":{"showFog":true,"showMaterialUpdate":false,"showSkybox":false,"showFlares":true,"showImageEffects":true,"showParticleSystems":true},"in2DMode":false,"pivot":{"x":0.11111113429069519,"y":0.18077600002288819,"z":-0.02613648772239685},"rotation":{"x":0.07832247763872147,"y":-0.8995835185050964,"z":0.38980960845947268,"w":0.18076010048389436},"size":1.7129210233688355,"orthographic":false}