{"cameraMode":{"drawMode":0,"name":"Shaded","section":"Shading Mode"},"sceneLighting":false,"audioPlay":false,"sceneViewState":{"showFog":true,"showMaterialUpdate":false,"showSkybox":false,"showFlares":true,"showImageEffects":true,"showParticleSystems":true},"in2DMode":false,"pivot":{"x":-0.1741352081298828,"y":0.1239696741104126,"z":0.47359561920166018},"rotation":{"x":0.19592471420764924,"y":-0.7748406529426575,"z":0.2876783609390259,"w":0.5277097225189209},"size":8.66257381439209,"orthographic":true}