{"cameraMode":{"drawMode":0,"name":"Shaded","section":"Shading Mode"},"sceneLighting":false,"audioPlay":false,"sceneViewState":{"showFog":true,"showMaterialUpdate":false,"showSkybox":false,"showFlares":true,"showImageEffects":true,"showParticleSystems":true},"in2DMode":false,"pivot":{"x":-1.0965404510498047,"y":1.114107608795166,"z":-1.2058639526367188},"rotation":{"x":0.14465002715587617,"y":-0.8289274573326111,"z":0.2504347562789917,"w":0.4787994623184204},"size":11.760866165161133,"orthographic":false}