{"cameraMode":{"drawMode":0,"name":"Shaded","section":"Shading Mode"},"sceneLighting":false,"audioPlay":false,"sceneViewState":{"showFog":true,"showMaterialUpdate":false,"showSkybox":false,"showFlares":true,"showImageEffects":true,"showParticleSystems":true},"in2DMode":false,"pivot":{"x":-3.8558645248413088,"y":7.881720066070557,"z":-0.01797616481781006},"rotation":{"x":0.08698786050081253,"y":-0.912498414516449,"z":0.29824477434158327,"w":0.2661483883857727},"size":2.35465145111084,"orthographic":true}