{"cameraMode":{"drawMode":0,"name":"Shaded","section":"Shading Mode"},"sceneLighting":false,"audioPlay":false,"sceneViewState":{"showFog":true,"showMaterialUpdate":false,"showSkybox":false,"showFlares":true,"showImageEffects":true,"showParticleSystems":true},"in2DMode":false,"pivot":{"x":0.12063741683959961,"y":0.3397415578365326,"z":0.0},"rotation":{"x":0.14312633872032166,"y":-0.8436368107795715,"z":0.27573835849761965,"w":0.4379163980484009},"size":7.088245868682861,"orthographic":false}