{"cameraMode":{"drawMode":0,"name":"Shaded","section":"Shading Mode"},"sceneLighting":false,"audioPlay":false,"sceneViewState":{"showFog":true,"showMaterialUpdate":false,"showSkybox":false,"showFlares":true,"showImageEffects":true,"showParticleSystems":true},"in2DMode":false,"pivot":{"x":0.1516880989074707,"y":0.9603990316390991,"z":-0.3270893096923828},"rotation":{"x":0.30377325415611269,"y":0.0448460578918457,"z":-0.014344478026032448,"w":0.9515959024429321},"size":10.634868621826172,"orthographic":false}