{"cameraMode":{"drawMode":0,"name":"Shaded","section":"Shading Mode"},"sceneLighting":false,"audioPlay":false,"sceneViewState":{"showFog":true,"showMaterialUpdate":false,"showSkybox":false,"showFlares":true,"showImageEffects":true,"showParticleSystems":true},"in2DMode":false,"pivot":{"x":-39.790000915527347,"y":6.133899688720703,"z":44.60900115966797},"rotation":{"x":0.10795193165540695,"y":-0.8765355944633484,"z":0.2321464568376541,"w":0.4076305627822876},"size":24.164518356323243,"orthographic":false}