{"cameraMode":{"drawMode":0,"name":"Shaded","section":"Shading Mode"},"sceneLighting":false,"audioPlay":false,"sceneViewState":{"showFog":true,"showMaterialUpdate":false,"showSkybox":false,"showFlares":true,"showImageEffects":true,"showParticleSystems":true},"in2DMode":false,"pivot":{"x":-0.9293129444122315,"y":-0.577621579170227,"z":0.20801961421966554},"rotation":{"x":-0.1680106222629547,"y":0.8160433173179627,"z":-0.2918863892555237,"w":-0.46975013613700869},"size":3.5952887535095217,"orthographic":false}