{"cameraMode":{"drawMode":0,"name":"Shaded","section":"Shading Mode"},"sceneLighting":false,"audioPlay":false,"sceneViewState":{"showFog":true,"showMaterialUpdate":false,"showSkybox":false,"showFlares":true,"showImageEffects":true,"showParticleSystems":true},"in2DMode":false,"pivot":{"x":5.960464477539063e-8,"y":0.05505645275115967,"z":-0.000005245208740234375},"rotation":{"x":0.30377325415611269,"y":0.0448460578918457,"z":-0.014344478026032448,"w":0.9515959024429321},"size":3.5445449352264406,"orthographic":false}