{"cameraMode":{"drawMode":0,"name":"Shaded","section":"Shading Mode"},"sceneLighting":false,"audioPlay":false,"sceneViewState":{"showFog":true,"showMaterialUpdate":false,"showSkybox":false,"showFlares":true,"showImageEffects":true,"showParticleSystems":true},"in2DMode":false,"pivot":{"x":-0.99062180519104,"y":4.946955680847168,"z":0.5372862219810486},"rotation":{"x":-0.24055245518684388,"y":-0.023087704554200174,"z":0.005670306738466024,"w":-0.9703661799430847},"size":8.225415229797364,"orthographic":false}