{"cameraMode":{"drawMode":0,"name":"Shaded","section":"Shading Mode"},"sceneLighting":false,"audioPlay":false,"sceneViewState":{"showFog":true,"showMaterialUpdate":false,"showSkybox":false,"showFlares":true,"showImageEffects":true,"showParticleSystems":true},"in2DMode":false,"pivot":{"x":0.0,"y":0.3560250997543335,"z":-0.010746210813522339},"rotation":{"x":-0.0025827516801655294,"y":-0.994955837726593,"z":0.09671296179294586,"w":-0.026575304567813875},"size":2.5855839252471926,"orthographic":false}