{"cameraMode":{"drawMode":0,"name":"Shaded","section":"Shading Mode"},"sceneLighting":false,"audioPlay":false,"sceneViewState":{"showFog":true,"showMaterialUpdate":false,"showSkybox":false,"showFlares":true,"showImageEffects":true,"showParticleSystems":true},"in2DMode":false,"pivot":{"x":0.6366405487060547,"y":0.4951601028442383,"z":-0.45536041259765627},"rotation":{"x":0.30377325415611269,"y":0.0448460578918457,"z":-0.014344478026032448,"w":0.9515959024429321},"size":116.63626861572266,"orthographic":false}