{"cameraMode":{"drawMode":0,"name":"Shaded","section":"Shading Mode"},"sceneLighting":false,"audioPlay":false,"sceneViewState":{"showFog":true,"showMaterialUpdate":false,"showSkybox":false,"showFlares":true,"showImageEffects":true,"showParticleSystems":true},"in2DMode":false,"pivot":{"x":-0.9546318054199219,"y":5.574286460876465,"z":4.809362888336182},"rotation":{"x":-0.24055245518684388,"y":-0.023087704554200174,"z":0.005670306738466024,"w":-0.9703661799430847},"size":9.588297843933106,"orthographic":false}