{"cameraMode":{"drawMode":0,"name":"Shaded","section":"Shading Mode"},"sceneLighting":false,"audioPlay":false,"sceneViewState":{"showFog":true,"showMaterialUpdate":false,"showSkybox":false,"showFlares":true,"showImageEffects":true,"showParticleSystems":true},"in2DMode":false,"pivot":{"x":0.1806671917438507,"y":-0.0096588134765625,"z":-0.019452393054962159},"rotation":{"x":0.07456746697425842,"y":-0.8983877897262573,"z":0.39893293380737307,"w":0.16793528199195863},"size":1.5708471536636353,"orthographic":false}